,url,etag
1,https://esi.evetech.net/latest/markets/10000002/orders/?datasource=tranquility&order_type=all&page=1,6a41aab6c0b63bfc4cccc1e611a3cfaaeb2c95e39bde3511882353c5
2,https://esi.evetech.net/latest/markets/10000002/orders/?datasource=tranquility&order_type=all&page=2,d4f65721f84afaa0477ac20691defe40b3b6469b3403482209ef3dfb
3,https://esi.evetech.net/latest/markets/10000002/orders/?datasource=tranquility&order_type=all&page=3,17ff923478bd4f1ff33e56d53415ede65ca34e60db21d2cf45268ccd
4,https://esi.evetech.net/latest/markets/10000002/orders/?datasource=tranquility&order_type=all&page=4,e53f94a2fff91144785145b52ca779a787112562112aea8d4dba6b12
5,https://esi.evetech.net/latest/markets/10000002/orders/?datasource=tranquility&order_type=all&page=5,1a65b66e01ea0c2aa4a4fbb5852bdd8953fd13735976dc742a249871
6,https://esi.evetech.net/latest/markets/10000002/orders/?datasource=tranquility&order_type=all&page=6,a640ffe8d6625840cb12a7291a04c717fd76461d72550745fcfdd0a1
7,https://esi.evetech.net/latest/markets/10000002/orders/?datasource=tranquility&order_type=all&page=7,9e4172d5c7687e306d2622763e46b3d66a659b1a282f981575edaf9e
8,https://esi.evetech.net/latest/markets/10000002/orders/?datasource=tranquility&order_type=all&page=8,1bd22dca149e41dd72b038fff2523fbcf63e79bd61b7974d26a1ef29
9,https://esi.evetech.net/latest/markets/10000002/orders/?datasource=tranquility&order_type=all&page=9,025ac4a492b9596ed4062b0dbceb37ad82d9b728102364a464b9cf59
10,https://esi.evetech.net/latest/markets/10000002/orders/?datasource=tranquility&order_type=all&page=10,87a689c2f936bf73a4d1b12c63b372e30c76a2868d6023f11479c946
11,https://esi.evetech.net/latest/markets/10000002/orders/?datasource=tranquility&order_type=all&page=11,8ba024a2760451bd350d87df52713c94d56455ebffbfdf2d5f78bad9
12,https://esi.evetech.net/latest/markets/10000002/orders/?datasource=tranquility&order_type=all&page=12,d3569714adec69ef2d0daef586db650b9ecee8c8c96e9ffddb4f7ca2
13,https://esi.evetech.net/latest/markets/10000002/orders/?datasource=tranquility&order_type=all&page=13,a12ed0d458fe2b8ccf4824e0d5714daaaf8ceb513acfc686ae9a45ed
14,https://esi.evetech.net/latest/markets/10000002/orders/?datasource=tranquility&order_type=all&page=14,b808768df128269c0f334f3d57101459c4cf54e34a8718271ff019b0
15,https://esi.evetech.net/latest/markets/10000002/orders/?datasource=tranquility&order_type=all&page=15,fbf6ec1143c0cfbaa863b06138abfc441fd50eb320f9052f75fdb6d3
16,https://esi.evetech.net/latest/markets/10000002/orders/?datasource=tranquility&order_type=all&page=16,058372064d18c092f68bdbeb82f6547274dc84848926943d530a2a30
17,https://esi.evetech.net/latest/markets/10000002/orders/?datasource=tranquility&order_type=all&page=17,e77426b415833f747c72ece05e177f76b557e5f6936fbb852b7b7fb5
18,https://esi.evetech.net/latest/markets/10000002/orders/?datasource=tranquility&order_type=all&page=18,715aa6b4a2af21ccd5b48e71a864848737d3938a9d1a34da118692e5
19,https://esi.evetech.net/latest/markets/10000002/orders/?datasource=tranquility&order_type=all&page=19,4aea16d865094e64ada8a1be05d4521884645cd74c94ebe740e25a0a
20,https://esi.evetech.net/latest/markets/10000002/orders/?datasource=tranquility&order_type=all&page=20,4af26e8db7785fccc9803e128969f2f45cad504232c89ac428ec84b0
21,https://esi.evetech.net/latest/markets/10000002/orders/?datasource=tranquility&order_type=all&page=21,ca7666050f59b51928ceaee5d8607ba9cc97473a45dc7f096ec3cd26
22,https://esi.evetech.net/latest/markets/10000002/orders/?datasource=tranquility&order_type=all&page=22,852836b32783e727e1ff503fc26f58dfac5ba5ba237d6b81b71408d2
23,https://esi.evetech.net/latest/markets/10000002/orders/?datasource=tranquility&order_type=all&page=23,d9a988664ddd05b30b5e9a4347f9700c0acaf6e310bf15b43ba253cb
24,https://esi.evetech.net/latest/markets/10000002/orders/?datasource=tranquility&order_type=all&page=24,bb82220a36653d9ed79e9d8e4c683378ccf77a3f5294bfc6326a5fc4
25,https://esi.evetech.net/latest/markets/10000002/orders/?datasource=tranquility&order_type=all&page=25,9b3c70f4742b48530765523e4e52dc702049ffda28148a9e94466d23
26,https://esi.evetech.net/latest/markets/10000002/orders/?datasource=tranquility&order_type=all&page=26,e6a88005542ef8433bde994ae889afe9d987db9f6d79ac860ef17529
27,https://esi.evetech.net/latest/markets/10000002/orders/?datasource=tranquility&order_type=all&page=27,cd46778092438fc2788b5bf5ce59bf1585b4ebe829b16a5ed8270e70
28,https://esi.evetech.net/latest/markets/10000002/orders/?datasource=tranquility&order_type=all&page=28,b724dc077d4f41c5f32b11f0d6f2302fc08fb3e0dc1bab0863bf944a
29,https://esi.evetech.net/latest/markets/10000002/orders/?datasource=tranquility&order_type=all&page=29,5aab5f2988606f57152834c5b5df1165fe2dcc4822ab758a49e6c3d3
30,https://esi.evetech.net/latest/markets/10000002/orders/?datasource=tranquility&order_type=all&page=30,271f5e994ce4d3c74b2a6416ec3deb29b2e5068122d9208f1b2f86be
31,https://esi.evetech.net/latest/markets/10000002/orders/?datasource=tranquility&order_type=all&page=31,3be678f2929def83640887212d25afd1f2d17ebe7f4345fab7d61a11
32,https://esi.evetech.net/latest/markets/10000002/orders/?datasource=tranquility&order_type=all&page=32,bd179b016e9117079955e1df45db6cd6290e9b4858616c176611b933
33,https://esi.evetech.net/latest/markets/10000002/orders/?datasource=tranquility&order_type=all&page=33,5a6781134827d9f2709eba390903a35ffdd121c84e1fdaab23909cde
34,https://esi.evetech.net/latest/markets/10000002/orders/?datasource=tranquility&order_type=all&page=34,fd2f712de12eb26f22f687c081fded08405884e4db7ace3afe2a903c
35,https://esi.evetech.net/latest/markets/10000002/orders/?datasource=tranquility&order_type=all&page=35,00bb554cf2d34f95f754f3b379c5ded02e5a3252155053d5b13077c8
36,https://esi.evetech.net/latest/markets/10000002/orders/?datasource=tranquility&order_type=all&page=36,085f0141afe8add6494eb6ff9ec957dd6cc3612ee4a18b5b0a75e440
37,https://esi.evetech.net/latest/markets/10000002/orders/?datasource=tranquility&order_type=all&page=37,12a4eaddb5ca88c3b971eae8460b3da90d28bcb8fb57fc565d213fe9
38,https://esi.evetech.net/latest/markets/10000002/orders/?datasource=tranquility&order_type=all&page=38,f5d85d22f534dbf9586416c804dd5dde41823ba439dd00453a0c51e9
39,https://esi.evetech.net/latest/markets/10000002/orders/?datasource=tranquility&order_type=all&page=39,fd4723f9edbecc40507f5e3df6ed6afd0bc472cb1747325f10780537
40,https://esi.evetech.net/latest/markets/10000002/orders/?datasource=tranquility&order_type=all&page=40,00a41624a4e42d728d63c7173fcfc1da64d653758fbc68f620684319
41,https://esi.evetech.net/latest/markets/10000002/orders/?datasource=tranquility&order_type=all&page=41,72fae01e9216f67393054d7376d950fa246a5d9c174e9266fb148c35
42,https://esi.evetech.net/latest/markets/10000002/orders/?datasource=tranquility&order_type=all&page=42,4c8f04865cf6243f2c910261b9b4a1319d62dfd872560c646266066c
43,https://esi.evetech.net/latest/markets/10000002/orders/?datasource=tranquility&order_type=all&page=43,e26dd5470e65f0111361dc8cb4770b183c3441425197ca88dc4b031b
44,https://esi.evetech.net/latest/markets/10000002/orders/?datasource=tranquility&order_type=all&page=44,ce50ba2838b57d5cfd0f76064fff8eeab7cf9cf3114e84fa18ab8ac4
45,https://esi.evetech.net/latest/markets/10000002/orders/?datasource=tranquility&order_type=all&page=45,a286f154f8cbb6eefc68f975dc034c383af6cf278c528e31fba45fd2
46,https://esi.evetech.net/latest/markets/10000002/orders/?datasource=tranquility&order_type=all&page=46,f32aba10ae74a6744d8bcabbf643e7f594c3b6c86b1a7f10433f2c9c
47,https://esi.evetech.net/latest/markets/10000002/orders/?datasource=tranquility&order_type=all&page=47,388b90b7a91a64ff4e0d3d439524035cecc876a843602b34ff30a6e2
48,https://esi.evetech.net/latest/markets/10000002/orders/?datasource=tranquility&order_type=all&page=48,a8e607e65ad834b60650558e41889f61e7d193ec0c166fa8466d258e
49,https://esi.evetech.net/latest/markets/10000002/orders/?datasource=tranquility&order_type=all&page=49,19573008e55d8a705de81e744696e29a0c4edaedf0f88b7f9d54deda
50,https://esi.evetech.net/latest/markets/10000002/orders/?datasource=tranquility&order_type=all&page=50,7ed7f49d73115c7eee97856c0984f9cc450568d7c3da6d31a4538a81
51,https://esi.evetech.net/latest/markets/10000002/orders/?datasource=tranquility&order_type=all&page=51,7baa48f241ff706d87f188f715b3bf81d53808ec5a5ce36d62e7a58c
52,https://esi.evetech.net/latest/markets/10000002/orders/?datasource=tranquility&order_type=all&page=52,1929839e3839893e3eb1e76183c772f90016b399e4af009f31aec0f7
53,https://esi.evetech.net/latest/markets/10000002/orders/?datasource=tranquility&order_type=all&page=53,60644329f5b74e4487a4d100fcae1c9b817731d0ed7d2f5390d95371
54,https://esi.evetech.net/latest/markets/10000002/orders/?datasource=tranquility&order_type=all&page=54,b47a5226cc5ca9c70abd51efea8c067e85c36f965832c62941d99c2d
55,https://esi.evetech.net/latest/markets/10000002/orders/?datasource=tranquility&order_type=all&page=55,7e0b697edbc1a7868badfc1667ae3816a0ea1b45d665b8b02d27d5fc
56,https://esi.evetech.net/latest/markets/10000002/orders/?datasource=tranquility&order_type=all&page=56,c89c76c4fc800ae57dc97535fef1efcd912ff520b8eef7786cd3dc6e
57,https://esi.evetech.net/latest/markets/10000002/orders/?datasource=tranquility&order_type=all&page=57,12ac38b76faa026587211be5e625a775172e9eee80f96efaa25e7138
58,https://esi.evetech.net/latest/markets/10000002/orders/?datasource=tranquility&order_type=all&page=58,c0c150e450a706ad23ec1fe0f7b086b1ff4d75653c80e0a078edc635
59,https://esi.evetech.net/latest/markets/10000002/orders/?datasource=tranquility&order_type=all&page=59,14ea192772810abcfa1332dfa6984bb9b9bc75ae795eba066303a022
60,https://esi.evetech.net/latest/markets/10000002/orders/?datasource=tranquility&order_type=all&page=60,e73f6aa22b3a5954f0fed16f5ec3ec0608ac055337de5f2876e17550
61,https://esi.evetech.net/latest/markets/10000002/orders/?datasource=tranquility&order_type=all&page=61,f27648a9da14d3534b91388b6da176232a1b3844b36464c0cb6144c3
62,https://esi.evetech.net/latest/markets/10000002/orders/?datasource=tranquility&order_type=all&page=62,c66c2edb95f4cbf41bb2bc76f6c9e0ca36044ca2ed66fdcb4a642f61
63,https://esi.evetech.net/latest/markets/10000002/orders/?datasource=tranquility&order_type=all&page=63,f6a856f1579259162f1d487c16be1835fb841d5093fd76e36477c6c0
64,https://esi.evetech.net/latest/markets/10000002/orders/?datasource=tranquility&order_type=all&page=64,2269b027a411e247d776fdb5b7d9173b21b0b3e52bc2d72d1501663c
65,https://esi.evetech.net/latest/markets/10000002/orders/?datasource=tranquility&order_type=all&page=65,f174e4f06f1fbf736518697afeb01bb7867465cde5b2d91967956ad6
66,https://esi.evetech.net/latest/markets/10000002/orders/?datasource=tranquility&order_type=all&page=66,b07d363ee27c061d2cd92f2f7b2f5477f0f286dd85b66114aa3d4224
67,https://esi.evetech.net/latest/markets/10000002/orders/?datasource=tranquility&order_type=all&page=67,0f1ab9b3e2eff9aca7cb4e0a3a7ec085820a60601ae82d61c4c89a16
68,https://esi.evetech.net/latest/markets/10000002/orders/?datasource=tranquility&order_type=all&page=68,3b9430af7d297f65c341bec59664e8f934a0d140f404763528f73e36
69,https://esi.evetech.net/latest/markets/10000002/orders/?datasource=tranquility&order_type=all&page=69,ee1b692dda2f0cb013e5a0e872c673ed1bd4c6d00c31d705999de8b2
70,https://esi.evetech.net/latest/markets/10000002/orders/?datasource=tranquility&order_type=all&page=70,c4ce9ad8264b917c291f045b5dd982f5bf80c1ed862a6e5ddad88b55
71,https://esi.evetech.net/latest/markets/10000002/orders/?datasource=tranquility&order_type=all&page=71,e0dd037abb5a005e0220b5943c69b00f689d9fb1ae952dc8a1fae656
72,https://esi.evetech.net/latest/markets/10000002/orders/?datasource=tranquility&order_type=all&page=72,2363d4bb005835e9813c936aab10a7e1b1fe28d9da94445e04a9bb74
73,https://esi.evetech.net/latest/markets/10000002/orders/?datasource=tranquility&order_type=all&page=73,4679f3190173e03ac44a5fcf71282d84a84b114f6a98ddf36f40371f
74,https://esi.evetech.net/latest/markets/10000002/orders/?datasource=tranquility&order_type=all&page=74,4d0e1c9517696ab25362ecb4671bdc7681887665e0429ad90423f605
75,https://esi.evetech.net/latest/markets/10000002/orders/?datasource=tranquility&order_type=all&page=75,cb708f98f5f1f4d4157b5b0d6de5ddaefe699ae60f56e29910169494
76,https://esi.evetech.net/latest/markets/10000002/orders/?datasource=tranquility&order_type=all&page=76,2b2c2bf9dce0098657f4378fd04532054e043d6d32a023a9631bc84b
77,https://esi.evetech.net/latest/markets/10000002/orders/?datasource=tranquility&order_type=all&page=77,12fba5e0e35c3a68e12e76da46214890af247440d141172180fece25
78,https://esi.evetech.net/latest/markets/10000002/orders/?datasource=tranquility&order_type=all&page=78,ddb24b0bb13d0872d8f24298ce515dbf4ffccfe17202644ee1022617
79,https://esi.evetech.net/latest/markets/10000002/orders/?datasource=tranquility&order_type=all&page=79,6fbebb707be00242d6eddbaf7f66fc2160ac3a56191d5ded4a8d0a80
80,https://esi.evetech.net/latest/markets/10000002/orders/?datasource=tranquility&order_type=all&page=80,096606a2c9bcca582bb2f2a3a62a4f6a9bf5201d1768c604aaf24b5d
81,https://esi.evetech.net/latest/markets/10000002/orders/?datasource=tranquility&order_type=all&page=81,e6ef46bd7f70fc28df27616820b427e51a511e8f51b74db9a4f96d40
82,https://esi.evetech.net/latest/markets/10000002/orders/?datasource=tranquility&order_type=all&page=82,a201cb016aa4b794b13f9456ff34450bfc4eb91c14abf350e9afe46f
83,https://esi.evetech.net/latest/markets/10000002/orders/?datasource=tranquility&order_type=all&page=83,6a8de5d06fc64a904e725e4506fc7a94eca280d7c7f796facf144fc5
84,https://esi.evetech.net/latest/markets/10000002/orders/?datasource=tranquility&order_type=all&page=84,6d915c331bb86f218f16be432f31adccad1a76621efc8598e27a6f50
85,https://esi.evetech.net/latest/markets/10000002/orders/?datasource=tranquility&order_type=all&page=85,ebc92fe94e9160f6a97926f3070efa2eecb73c8ed31ab91b764676de
86,https://esi.evetech.net/latest/markets/10000002/orders/?datasource=tranquility&order_type=all&page=86,25b1ecc5d52485794a41acf1c6a760cee9fe22d60cb87eeb91c1c680
87,https://esi.evetech.net/latest/markets/10000002/orders/?datasource=tranquility&order_type=all&page=87,37886dfa96d31ed645298694577f2a51e6faaf4772af858d753f5ed4
88,https://esi.evetech.net/latest/markets/10000002/orders/?datasource=tranquility&order_type=all&page=88,c19d02f0125d7ee72189c4183a8d52e73ee31a1970f9eed2f5942049
89,https://esi.evetech.net/latest/markets/10000002/orders/?datasource=tranquility&order_type=all&page=89,92e594617b873d7dc0fba6eff2b122bb76258dc645a7589de38e0f86
90,https://esi.evetech.net/latest/markets/10000002/orders/?datasource=tranquility&order_type=all&page=90,5fa20f722d629b496c430f7ee605fdd8fe3e410fecc362a43a4baf01
91,https://esi.evetech.net/latest/markets/10000002/orders/?datasource=tranquility&order_type=all&page=91,a2bcc9ddc44f8baf0d04f14cab99c90acc9427a93bba91bc15643587
92,https://esi.evetech.net/latest/markets/10000002/orders/?datasource=tranquility&order_type=all&page=92,00e79072dfc7e90d9f2e97a492229150cec27909c4cc0bff6957837c
93,https://esi.evetech.net/latest/markets/10000002/orders/?datasource=tranquility&order_type=all&page=93,0d8a570ad87973d253acdd79ebea511b892d4159c8f68ed03b25d946
94,https://esi.evetech.net/latest/markets/10000002/orders/?datasource=tranquility&order_type=all&page=94,097ce72b44f90fba382ba61b8ebd001e8e51cbe2c300a943dca5e87c
95,https://esi.evetech.net/latest/markets/10000002/orders/?datasource=tranquility&order_type=all&page=95,e0d7727fb7c69085f978d75b709ecc7009b82ecc5afb0dcce1ace1f8
96,https://esi.evetech.net/latest/markets/10000002/orders/?datasource=tranquility&order_type=all&page=96,0a3d82d449f5e29c5db657a20200df719f8b7d28c7b4f361f4c21c76
97,https://esi.evetech.net/latest/markets/10000002/orders/?datasource=tranquility&order_type=all&page=97,9e571966f4877e5eb17b12eff5cfe65de3f753020acfd358f66f1008
98,https://esi.evetech.net/latest/markets/10000002/orders/?datasource=tranquility&order_type=all&page=98,2b98a505389040a244c38881aaa4d616a140172b9c63fb87c6960efe
99,https://esi.evetech.net/latest/markets/10000002/orders/?datasource=tranquility&order_type=all&page=99,01d7e2d8f7da71982e071eb26732581e5a72bdca8f05395e499ea0da
100,https://esi.evetech.net/latest/markets/10000002/orders/?datasource=tranquility&order_type=all&page=100,46f9c67196f8b9e76093f4668247138add95cd72c4652e431ce49657
101,https://esi.evetech.net/latest/markets/10000002/orders/?datasource=tranquility&order_type=all&page=101,85903010c2e7d5e448d91426073341cfe39b8ef097821a5ab7d294e9
102,https://esi.evetech.net/latest/markets/10000002/orders/?datasource=tranquility&order_type=all&page=102,948c6bcfc7d52da0cd4347ed6416cf7a44703977c543090ea9f2bae4
103,https://esi.evetech.net/latest/markets/10000002/orders/?datasource=tranquility&order_type=all&page=103,e6e5b1136a889bca903e4d67eb92c02f98b71974e5e03395264377f6
104,https://esi.evetech.net/latest/markets/10000002/orders/?datasource=tranquility&order_type=all&page=104,c05b7fdbd22e68bb66f1f04093fe0de630d8a2c34720d47b5742ea79
105,https://esi.evetech.net/latest/markets/10000002/orders/?datasource=tranquility&order_type=all&page=105,741fdc0f15e5113468182a8dc5ab558f261150536f1f08414b0aaf70
106,https://esi.evetech.net/latest/markets/10000002/orders/?datasource=tranquility&order_type=all&page=106,091aa5dfceee2f8641a68ef4e58ceeb776e2b30c181abf84cd1f493f
107,https://esi.evetech.net/latest/markets/10000002/orders/?datasource=tranquility&order_type=all&page=107,8d0aac63a53c2b21206ed3429e1445899e4f57c32c84e6c041814417
108,https://esi.evetech.net/latest/markets/10000002/orders/?datasource=tranquility&order_type=all&page=108,a238515743c66da6d86bf99718e86167789ae71d765f5a7588f8b633
109,https://esi.evetech.net/latest/markets/10000002/orders/?datasource=tranquility&order_type=all&page=109,cad51b68b268a23da39a278541ee6427f820ad50be590039a5650254
110,https://esi.evetech.net/latest/markets/10000002/orders/?datasource=tranquility&order_type=all&page=110,f5f42221664b83b1c98f4c16d17defe0c3351c8aac6020e2b7a8a02e
111,https://esi.evetech.net/latest/markets/10000002/orders/?datasource=tranquility&order_type=all&page=111,9bf9a4f159f80965203469a87458eed4d5e14db8ff90513c16bc8442
112,https://esi.evetech.net/latest/markets/10000002/orders/?datasource=tranquility&order_type=all&page=112,87447683201d33b2f9f12972395343a26605aef63ad60e81db5ec62d
113,https://esi.evetech.net/latest/markets/10000002/orders/?datasource=tranquility&order_type=all&page=113,86ba0bfd4ba71550157a19391ee9bc6821c8a1a6a04b2a1baab90ad7
114,https://esi.evetech.net/latest/markets/10000002/orders/?datasource=tranquility&order_type=all&page=114,f7254a33494dd4fa0989d236ce0b872d4f140612d42f66821c6f1dcc
115,https://esi.evetech.net/latest/markets/10000002/orders/?datasource=tranquility&order_type=all&page=115,4ecf9458b676988ff39894397dd61ff94d2bee00f303144878d8471e
116,https://esi.evetech.net/latest/markets/10000002/orders/?datasource=tranquility&order_type=all&page=116,2962856524c9a29a93926257b698426b36f2e9d14de276e0a6cff516
117,https://esi.evetech.net/latest/markets/10000002/orders/?datasource=tranquility&order_type=all&page=117,1936fa5d0041bd317bd589d72eeeebcfd87950b44914a6014c42339e
118,https://esi.evetech.net/latest/markets/10000002/orders/?datasource=tranquility&order_type=all&page=118,c376641ad9e3226f3a856640947b1580907e22e42e9c7c31e082da01
119,https://esi.evetech.net/latest/markets/10000002/orders/?datasource=tranquility&order_type=all&page=119,b5f85dce239b763a7dcae3f608f2bae1db020e7e77cdd455b66c378c
120,https://esi.evetech.net/latest/markets/10000002/orders/?datasource=tranquility&order_type=all&page=120,ee8100bd423982744de5c5fde6867aceeeeb5138e8006399472375f3
121,https://esi.evetech.net/latest/markets/10000002/orders/?datasource=tranquility&order_type=all&page=121,1713ec29b49f496c95930b65095d8777adab27125a2b5f75aa30ace4
122,https://esi.evetech.net/latest/markets/10000002/orders/?datasource=tranquility&order_type=all&page=122,ab350d40b2ba18c72cfe2335b8c67e3ca0c4ea7e4c6181b78313dc42
123,https://esi.evetech.net/latest/markets/10000002/orders/?datasource=tranquility&order_type=all&page=123,25f19b1c10e0188d380a81028f25f84760bf0f78583972d2d139772e
124,https://esi.evetech.net/latest/markets/10000002/orders/?datasource=tranquility&order_type=all&page=124,ed865c26ce8090790a8293f965cb4d02b240a8bf9cf1a707aa50fc76
125,https://esi.evetech.net/latest/markets/10000002/orders/?datasource=tranquility&order_type=all&page=125,3cd00fd3384324ce32038ca545653544f248e527f02485f3ecb72e6e
126,https://esi.evetech.net/latest/markets/10000002/orders/?datasource=tranquility&order_type=all&page=126,22df5b90d893a30aa297b20fa3b057c76ce37c09ad1bc08ffc95cc95
127,https://esi.evetech.net/latest/markets/10000002/orders/?datasource=tranquility&order_type=all&page=127,7fa71613bdbc56606925cebcba1e2ae87ffe1ebe8c6a8ed649e5eefd
128,https://esi.evetech.net/latest/markets/10000002/orders/?datasource=tranquility&order_type=all&page=128,96b7aac3edbc276c150831dd6852da599236c95ea63008f4ed6819b6
129,https://esi.evetech.net/latest/markets/10000002/orders/?datasource=tranquility&order_type=all&page=129,ca6f86270571c18dffae122ab1ac9f127f02297c6c28bf97fde47729
130,https://esi.evetech.net/latest/markets/10000002/orders/?datasource=tranquility&order_type=all&page=130,accea689015776e6854c371443b205fa1928c9787f327f8f8311684b
131,https://esi.evetech.net/latest/markets/10000002/orders/?datasource=tranquility&order_type=all&page=131,685f1c17e6a985a35b8b4efe37cc5a38d935922190151c43f44b7b48
132,https://esi.evetech.net/latest/markets/10000002/orders/?datasource=tranquility&order_type=all&page=132,3f9649766a74db697d07aeac4d2a15a55e61225219068db91ac33cb6
133,https://esi.evetech.net/latest/markets/10000002/orders/?datasource=tranquility&order_type=all&page=133,048bd90a0143afd0869bf756319e44db051d33d983acab53408f9a64
134,https://esi.evetech.net/latest/markets/10000002/orders/?datasource=tranquility&order_type=all&page=134,afc0698b60dfaf7c7d3f158bd1af1c4f60df3940d8673e76bd638702
135,https://esi.evetech.net/latest/markets/10000002/orders/?datasource=tranquility&order_type=all&page=135,5a64658bbe5c030b3bd6779d5b43298b17263e3b76d3339f7ecf2675
136,https://esi.evetech.net/latest/markets/10000002/orders/?datasource=tranquility&order_type=all&page=136,f6c6ef9d07a11119903470c03c4075157577eb7576e85dad07ae0d14
137,https://esi.evetech.net/latest/markets/10000002/orders/?datasource=tranquility&order_type=all&page=137,9f055cb8744f444af345f02faafcec4ece7921b76507cf47624210e2
138,https://esi.evetech.net/latest/markets/10000002/orders/?datasource=tranquility&order_type=all&page=138,1ae69762f0df2dfd72564ac55c8073a8fec107578247c208b1712f47
139,https://esi.evetech.net/latest/markets/10000002/orders/?datasource=tranquility&order_type=all&page=139,0ca0512208042b92a8850ac1813223346bf72c839f20684fc6d3cb07
140,https://esi.evetech.net/latest/markets/10000002/orders/?datasource=tranquility&order_type=all&page=140,266c4ffc587727b5b986cfa5c4e94c806e27b799c852510521559859
141,https://esi.evetech.net/latest/markets/10000002/orders/?datasource=tranquility&order_type=all&page=141,d2755ad7038d7b5d13bade7ee82772cef08a32ef950b729b0b39240d
142,https://esi.evetech.net/latest/markets/10000002/orders/?datasource=tranquility&order_type=all&page=142,1553b655dc4f09fa86297c58f7b4224a4d86aa6b9d1b36ac738bfda1
143,https://esi.evetech.net/latest/markets/10000002/orders/?datasource=tranquility&order_type=all&page=143,07acbbf4244913487d4c90b5fbb5467d699bc254c1d7c09d27bb49ea
144,https://esi.evetech.net/latest/markets/10000002/orders/?datasource=tranquility&order_type=all&page=144,31e0a13c8f4f647ba3967ce0da7c776918c1201e355a9a8570ba0317
145,https://esi.evetech.net/latest/markets/10000002/orders/?datasource=tranquility&order_type=all&page=145,ebc59dc9b2c8b03278b5bb199db1cb87a06dfe578b4879726a9c3d66
146,https://esi.evetech.net/latest/markets/10000002/orders/?datasource=tranquility&order_type=all&page=146,96b11e0e2455e735fcdd869c27a8e6f8c5a887b0844388ef20d56d0d
147,https://esi.evetech.net/latest/markets/10000002/orders/?datasource=tranquility&order_type=all&page=147,6e19f24dab3a22b57acded8c4f6b52f1961b5cd1902f0d8726676f72
148,https://esi.evetech.net/latest/markets/10000002/orders/?datasource=tranquility&order_type=all&page=148,d06b851be38b18f1d5de1c4c909ed6e9bb387676bf9b56f7bcdf9e53
149,https://esi.evetech.net/latest/markets/10000002/orders/?datasource=tranquility&order_type=all&page=149,6f5ec7d28dd47e649376e69222a6507d7231802b2804aec9e3c6e9e7
150,https://esi.evetech.net/latest/markets/10000002/orders/?datasource=tranquility&order_type=all&page=150,37c9c84daf9ab2c613f5c19ea353fd0a2a8ea226bc0ef807dd18903b
151,https://esi.evetech.net/latest/markets/10000002/orders/?datasource=tranquility&order_type=all&page=151,7813c9a05fde919c82995cdbca281672c5484c83c88298d830b27912
152,https://esi.evetech.net/latest/markets/10000002/orders/?datasource=tranquility&order_type=all&page=152,74b9fb6eb20d0171891d779329d2845b21e1650e2e664828dc01c5e1
153,https://esi.evetech.net/latest/markets/10000002/orders/?datasource=tranquility&order_type=all&page=153,7a81e5be0de3875edf71bce5ec9d419fd26cdbe851bfea3d255116f2
154,https://esi.evetech.net/latest/markets/10000002/orders/?datasource=tranquility&order_type=all&page=154,76995d28890a9063a54b9eb028aad89685c3e401e452d7547bcd298f
155,https://esi.evetech.net/latest/markets/10000002/orders/?datasource=tranquility&order_type=all&page=155,101a999c747b9ed88ba12d455e544e4616759f3f13edcc6940beb929
156,https://esi.evetech.net/latest/markets/10000002/orders/?datasource=tranquility&order_type=all&page=156,a957f5049fe12f694bbece2c9ed617b3c2a937c1a275a90110f681ba
157,https://esi.evetech.net/latest/markets/10000002/orders/?datasource=tranquility&order_type=all&page=157,54ef96f4b8b63c89c9fdde52d86ffba98145f3e7cb20c3324224d3fc
158,https://esi.evetech.net/latest/markets/10000002/orders/?datasource=tranquility&order_type=all&page=158,ab6c12b3b1bef28d06f2fdc6613f7d893911a232eaaf333d5c4f48df
159,https://esi.evetech.net/latest/markets/10000002/orders/?datasource=tranquility&order_type=all&page=159,cd7e39c966e1572691cacb9983886bf65ed2bb6cc2d8cb7c167526fe
160,https://esi.evetech.net/latest/markets/10000002/orders/?datasource=tranquility&order_type=all&page=160,f46b661a5ae4edb7dda8c2210f8dc54c43d17e47e4dd528bac0ef81f
161,https://esi.evetech.net/latest/markets/10000002/orders/?datasource=tranquility&order_type=all&page=161,c55d7ba4920cc3b71ccbee45ad98480df46225eef7a2817a014c0572
162,https://esi.evetech.net/latest/markets/10000002/orders/?datasource=tranquility&order_type=all&page=162,45c698cb1d77eec8f26298c507b3573caa1e78d4cee9f1b8b0433009
163,https://esi.evetech.net/latest/markets/10000002/orders/?datasource=tranquility&order_type=all&page=163,1617974837f00310486068c997e82bebcfeff77d2685dae5820a5320
164,https://esi.evetech.net/latest/markets/10000002/orders/?datasource=tranquility&order_type=all&page=164,a0637239fdaaeb5774c8d96b721dfdb6ae8c3704b1ceee6cd34fb732
165,https://esi.evetech.net/latest/markets/10000002/orders/?datasource=tranquility&order_type=all&page=165,43ad0ecd5aadfd25f407f1ef43ad89db3eb5644f0f90aeaff30ab3f6
166,https://esi.evetech.net/latest/markets/10000002/orders/?datasource=tranquility&order_type=all&page=166,b9648e57d9343cdf49d628e3571171b1d06e35fec55181b0ee807cbd
167,https://esi.evetech.net/latest/markets/10000002/orders/?datasource=tranquility&order_type=all&page=167,e3916394a0b2cec83f591573751075f3cb941290741190808b116296
168,https://esi.evetech.net/latest/markets/10000002/orders/?datasource=tranquility&order_type=all&page=168,dfbb9556e145bd3985eddfa9bb9801aaab07be29481d8b0686c85493
169,https://esi.evetech.net/latest/markets/10000002/orders/?datasource=tranquility&order_type=all&page=169,6ffc9d4d2f1c079df29d2e4e404b24f71018d7366b8568d8e3f016ce
170,https://esi.evetech.net/latest/markets/10000002/orders/?datasource=tranquility&order_type=all&page=170,133c27144d98ef251b40b8f36b2f148368c2fb83e3e57edd50f8e2d5
171,https://esi.evetech.net/latest/markets/10000002/orders/?datasource=tranquility&order_type=all&page=171,11d8f09e18f95f4a20b46cbf4bb9cdb9135d9f6fddd4be1d112d7567
172,https://esi.evetech.net/latest/markets/10000002/orders/?datasource=tranquility&order_type=all&page=172,c15096c130a12085ba4aeedd5a2967924561ccb493103c32c814b4bc
173,https://esi.evetech.net/latest/markets/10000002/orders/?datasource=tranquility&order_type=all&page=173,7c6882cb6e1caac297dfb65e1f0fcd2ba685ba561445f3c9166f43b1
174,https://esi.evetech.net/latest/markets/10000002/orders/?datasource=tranquility&order_type=all&page=174,cc8aaa189de284366296389f52d0335bae2079388080b8df7cc121a9
175,https://esi.evetech.net/latest/markets/10000002/orders/?datasource=tranquility&order_type=all&page=175,fc40b5af444062e3b127250d00b95a54402ee1d50d5bb5882cfeb0ac
176,https://esi.evetech.net/latest/markets/10000002/orders/?datasource=tranquility&order_type=all&page=176,64ec1d79922d796986bcfba79b21536843038b1ee111ce51888379a9
177,https://esi.evetech.net/latest/markets/10000002/orders/?datasource=tranquility&order_type=all&page=177,15272073b23be90c5a9727f51e54b405f3c52f0c9bc8b74391d24495
178,https://esi.evetech.net/latest/markets/10000002/orders/?datasource=tranquility&order_type=all&page=178,edd023832d8d336a7cb9b3d45a9b1f496b6b57d16e3e244dca9a32bd
179,https://esi.evetech.net/latest/markets/10000002/orders/?datasource=tranquility&order_type=all&page=179,ceed9084b2d6fd6d757b017c6d66a37c4e93c7339d7423fb1462f6d5
180,https://esi.evetech.net/latest/markets/10000002/orders/?datasource=tranquility&order_type=all&page=180,063a525240f6b5e498536aec16967c3011f87d8438524c74934d7686
181,https://esi.evetech.net/latest/markets/10000002/orders/?datasource=tranquility&order_type=all&page=181,4d978e2d60f43d27cbb540e8cabcb0906af2c3cfe761be65335c590f
182,https://esi.evetech.net/latest/markets/10000002/orders/?datasource=tranquility&order_type=all&page=182,a9d7cf9b7deefd96797de2f3a083386d4b72138dc90849d405d9c597
183,https://esi.evetech.net/latest/markets/10000002/orders/?datasource=tranquility&order_type=all&page=183,9189ab20e4b36b6e6f903bd90e6cfb3f30a8282d7b0ad5f9b6aa3282
184,https://esi.evetech.net/latest/markets/10000002/orders/?datasource=tranquility&order_type=all&page=184,fb9c6463ffb0c1edb837c1332595431a1c00aa4dcf0a62fba322a765
185,https://esi.evetech.net/latest/markets/10000002/orders/?datasource=tranquility&order_type=all&page=185,bf0190be9fc57a77d07077edcfaf30d9d5d11c8f89c7c3ca000d3e9a
186,https://esi.evetech.net/latest/markets/10000002/orders/?datasource=tranquility&order_type=all&page=186,d8489f859dc693bdc3d09e36a470f0e8e65b46e62a336ee4f23d812b
187,https://esi.evetech.net/latest/markets/10000002/orders/?datasource=tranquility&order_type=all&page=187,3be44bb4a63edff2da3ddf703cf7a2fda8a46a08681eaa5a7bfce288
188,https://esi.evetech.net/latest/markets/10000002/orders/?datasource=tranquility&order_type=all&page=188,b5436508db591f78ec3a88996d511f72aea1ae6ddaa272eed437f857
189,https://esi.evetech.net/latest/markets/10000002/orders/?datasource=tranquility&order_type=all&page=189,d1a5f63ab7a513418fdc4de9a8d142e1994a2af9c7d8f318c5d2fdba
190,https://esi.evetech.net/latest/markets/10000002/orders/?datasource=tranquility&order_type=all&page=190,a338b96d304e5c86bcbeb01721e20dc2ddcc16d5e1f039b537750719
191,https://esi.evetech.net/latest/markets/10000002/orders/?datasource=tranquility&order_type=all&page=191,bdfabc6d5898a951e7009804a22b7b48d33918728225d0921bda771d
192,https://esi.evetech.net/latest/markets/10000002/orders/?datasource=tranquility&order_type=all&page=192,c48cbc0639b2758d6a6141381de7b598a825306bf93874250155ef98
193,https://esi.evetech.net/latest/markets/10000002/orders/?datasource=tranquility&order_type=all&page=193,1d3876f90512aa697fe2de9db1b67e6ec5ff3049794c31203017b57e
194,https://esi.evetech.net/latest/markets/10000002/orders/?datasource=tranquility&order_type=all&page=194,b32d61d81da9ea84942f017d8780266ac2a5c96f8c8ccaafeb9ecd2f
195,https://esi.evetech.net/latest/markets/10000002/orders/?datasource=tranquility&order_type=all&page=195,c508d32647ff90ac011775c7c6b84e1f3a0a4de1c88bcc66aa3b4a28
196,https://esi.evetech.net/latest/markets/10000002/orders/?datasource=tranquility&order_type=all&page=196,ba41eb71ccd8a47df08663b761e998cd288d97e77f11c50f62d18b03
197,https://esi.evetech.net/latest/markets/10000002/orders/?datasource=tranquility&order_type=all&page=197,5f82e8c9574ffc1aaa2719e7519e703c7ae217b64e73de8d45a49b3f
198,https://esi.evetech.net/latest/markets/10000002/orders/?datasource=tranquility&order_type=all&page=198,8ef512d7979eb4226c58bc59c02771abaff7a32e691af83f92ff8e76
199,https://esi.evetech.net/latest/markets/10000002/orders/?datasource=tranquility&order_type=all&page=199,b8111e9d6e3fd503a5412928f7cf749e2aadef3f68be459961fad007
200,https://esi.evetech.net/latest/markets/10000002/orders/?datasource=tranquility&order_type=all&page=200,288b6a065d3133dfeabe551ddfb40da8683c05078795359ce242b084
201,https://esi.evetech.net/latest/markets/10000002/orders/?datasource=tranquility&order_type=all&page=201,7d0e09735f5c75b87a516e5bd67d065a1b96eef8683c48eebc24007a
202,https://esi.evetech.net/latest/markets/10000002/orders/?datasource=tranquility&order_type=all&page=202,68c993ad26cc1355a2d6d35ccfa8d06c286a7289c905aa70ce16874a
203,https://esi.evetech.net/latest/markets/10000002/orders/?datasource=tranquility&order_type=all&page=203,e28f3eccac95aba89c43a4c21e8a892c16eb1dec302a4b2cc534dfb3
204,https://esi.evetech.net/latest/markets/10000002/orders/?datasource=tranquility&order_type=all&page=204,4b306912230da1945c48da06179aa4b5e5564c4246eb6f74cc8dba31
205,https://esi.evetech.net/latest/markets/10000002/orders/?datasource=tranquility&order_type=all&page=205,2756a1f65d2412b0a3e0cb9361c2ad8d5e5182113aae0ba6e9cf981f
206,https://esi.evetech.net/latest/markets/10000002/orders/?datasource=tranquility&order_type=all&page=206,bf07a832d259ae9a3f99f58bef92dc43d37a248a3b5e6a8e804d2a7e
207,https://esi.evetech.net/latest/markets/10000002/orders/?datasource=tranquility&order_type=all&page=207,68b59bfb9a139221e49cc4a84c7e87f1f76d6dc12c3733550a02d746
208,https://esi.evetech.net/latest/markets/10000002/orders/?datasource=tranquility&order_type=all&page=208,7a6baa090137f6ce8c8c23edfae5727ecf9d82251f183c90e35d3c4d
209,https://esi.evetech.net/latest/markets/10000002/orders/?datasource=tranquility&order_type=all&page=209,55eaf23c187b83f7ab5714ee393db7d22191db7855d64fec5381d060
210,https://esi.evetech.net/latest/markets/10000002/orders/?datasource=tranquility&order_type=all&page=210,2dfe5e5f108e2e8cda6e52c176d86b95887b6e54c7ed5d856f25f394
211,https://esi.evetech.net/latest/markets/10000002/orders/?datasource=tranquility&order_type=all&page=211,ab466319dfc791bf1ce949b399b52ec23a98f8b1e1ccc01c6e6d69c3
212,https://esi.evetech.net/latest/markets/10000002/orders/?datasource=tranquility&order_type=all&page=212,444c6288500ee3e5a6a6729545e10164f959890a543db7f5dae50612
213,https://esi.evetech.net/latest/markets/10000002/orders/?datasource=tranquility&order_type=all&page=213,65a35658443b7ea62e5dc5f75b4c0d48b3d0f131b8fcd48045309f2b
214,https://esi.evetech.net/latest/markets/10000002/orders/?datasource=tranquility&order_type=all&page=214,b9a8d64ceb1e5925cb5f127c7f5a7ed69b78f33d8255e066d6754418
215,https://esi.evetech.net/latest/markets/10000002/orders/?datasource=tranquility&order_type=all&page=215,a16fda654e218a81e97182d700236c95b47f26fc417ebce3f454ce24
216,https://esi.evetech.net/latest/markets/10000002/orders/?datasource=tranquility&order_type=all&page=216,22fdaf19889c7f5c9acafb192ddc0fa1375d3930ead07ca96f13a90e
217,https://esi.evetech.net/latest/markets/10000002/orders/?datasource=tranquility&order_type=all&page=217,a91b82bf0a73bc1e0910fd3b54c6d981d58f4f6b8f0916b57ce8d3c9
218,https://esi.evetech.net/latest/markets/10000002/orders/?datasource=tranquility&order_type=all&page=218,63bdd5cca8645c73fe05c1f609d703984ceba2e211d681fe182dff75
219,https://esi.evetech.net/latest/markets/10000002/orders/?datasource=tranquility&order_type=all&page=219,23cb7e61f0e8a7877bfd89b15cb7807d80de294e214fefe3d05065b2
220,https://esi.evetech.net/latest/markets/10000002/orders/?datasource=tranquility&order_type=all&page=220,d43ddf86a4b8489459d32b6ac049d77c197e34c10c5b7851a8decf90
221,https://esi.evetech.net/latest/markets/10000002/orders/?datasource=tranquility&order_type=all&page=221,38fca246632c7a15cbb6ac8224b899033b254e7487505fe6fff33758
222,https://esi.evetech.net/latest/markets/10000002/orders/?datasource=tranquility&order_type=all&page=222,be3822fa0a417653fb6c7a4b173628f1791a49f185e5a837d3f70550
223,https://esi.evetech.net/latest/markets/10000002/orders/?datasource=tranquility&order_type=all&page=223,0d4e7e0c89925070187ee00c9a24a1f7ba010262c80e8814c2b1901d
224,https://esi.evetech.net/latest/markets/10000002/orders/?datasource=tranquility&order_type=all&page=224,4fd3ecb8fb3100e22d6279b020eb5214a008c61a47dac48829d48837
225,https://esi.evetech.net/latest/markets/10000002/orders/?datasource=tranquility&order_type=all&page=225,ebf3b48d411217d1edb3195a4fa2e1a864770b12a340df323cac51d5
226,https://esi.evetech.net/latest/markets/10000002/orders/?datasource=tranquility&order_type=all&page=226,f68fe433a2d8543bbfd8135c3004cbf3c4d9eac846d2a08dca7c58bf
227,https://esi.evetech.net/latest/markets/10000002/orders/?datasource=tranquility&order_type=all&page=227,dc7f0229e5f6732445343169bfedff0983eea1b4bc38b55a41b9a3f7
228,https://esi.evetech.net/latest/markets/10000002/orders/?datasource=tranquility&order_type=all&page=228,5a899e457f535267a447b29a447405585cc17c375138921dedbb7c04
229,https://esi.evetech.net/latest/markets/10000002/orders/?datasource=tranquility&order_type=all&page=229,f56d7bed0aa77b1685b50344beeedfa1a67e64631c841cd9e6c6027e
230,https://esi.evetech.net/latest/markets/10000002/orders/?datasource=tranquility&order_type=all&page=230,2196bb7b938faf6dbc70eae27c8b67548597845ba9be2e9f0fa9845f
231,https://esi.evetech.net/latest/markets/10000002/orders/?datasource=tranquility&order_type=all&page=231,8d8e40f317b02f459fba6f23d013a3e86ef653ea74a721cdc4c6d5fd
232,https://esi.evetech.net/latest/markets/10000002/orders/?datasource=tranquility&order_type=all&page=232,5c1d2dbc6044a4c343447b218798f2f02c99466a4a95954de5c806d5
233,https://esi.evetech.net/latest/markets/10000002/orders/?datasource=tranquility&order_type=all&page=233,6c837f2e3ecd2e6e982d6c19bacfdfd28b7e4b3772508b60b207fae1
234,https://esi.evetech.net/latest/markets/10000002/orders/?datasource=tranquility&order_type=all&page=234,d558944849fda343c1c0a6097e8880cd838603fc1c1604238fe93524
235,https://esi.evetech.net/latest/markets/10000002/orders/?datasource=tranquility&order_type=all&page=235,2fac3d98abf92ce291d36f9093a157886faa7f72123f9ac4bca6b183
236,https://esi.evetech.net/latest/markets/10000002/orders/?datasource=tranquility&order_type=all&page=236,0f6f8af61b5b42492802a2685a77542b07d9933fcaaa976a722ee3b1
237,https://esi.evetech.net/latest/markets/10000002/orders/?datasource=tranquility&order_type=all&page=237,ce0bef31664910288fc5a2ba31779ce926fdadc06b26e1b2720e9cdd
238,https://esi.evetech.net/latest/markets/10000002/orders/?datasource=tranquility&order_type=all&page=238,096a21c6ae730f23c4a706dc303bb9c9fe74ed81c4b23d89cb3a6490
239,https://esi.evetech.net/latest/markets/10000002/orders/?datasource=tranquility&order_type=all&page=239,b742aa51c06639eaaea5247f17597f3f504d23f26e29f92ab9bf993d
240,https://esi.evetech.net/latest/markets/10000002/orders/?datasource=tranquility&order_type=all&page=240,38a93234ddc2493309a4e023fc15e5203d5fee212721be8591804c48
241,https://esi.evetech.net/latest/markets/10000002/orders/?datasource=tranquility&order_type=all&page=241,333cc8a1f1b2195022a0bff38e31545b4166af7fd899bba9e3ed5768
242,https://esi.evetech.net/latest/markets/10000002/orders/?datasource=tranquility&order_type=all&page=242,72ba3d53bd9b58a036586f4f1cee2409f21cee991d575b58ac39ea03
243,https://esi.evetech.net/latest/markets/10000002/orders/?datasource=tranquility&order_type=all&page=243,a598a6aafce00faea2c0dcf4101191d0491b2ff15c4a47fca588ade6
244,https://esi.evetech.net/latest/markets/10000002/orders/?datasource=tranquility&order_type=all&page=244,b11bbaf0bf05c279f3503b6a1f4a168249574a2f22314aa7de6210bd
245,https://esi.evetech.net/latest/markets/10000002/orders/?datasource=tranquility&order_type=all&page=245,90e8845bd18f9ef5f53f001b936e26f40946df78518338488485605e
246,https://esi.evetech.net/latest/markets/10000002/orders/?datasource=tranquility&order_type=all&page=246,485736eb607c0cf02ce8c93b51af996c46ad7c36045d027b21c51756
247,https://esi.evetech.net/latest/markets/10000002/orders/?datasource=tranquility&order_type=all&page=247,4f15c5897ea9ece0223ae60186bd5a7a156b82751fa1c30a11ce2e48
248,https://esi.evetech.net/latest/markets/10000002/orders/?datasource=tranquility&order_type=all&page=248,f293af908b9410253ecf75d34a7b1ebed17798527e851d4c433761d5
249,https://esi.evetech.net/latest/markets/10000002/orders/?datasource=tranquility&order_type=all&page=249,dd84975779478730cd02e5b9de48ec5087ce6e135cc5eb8b1e2edf9c
250,https://esi.evetech.net/latest/markets/10000002/orders/?datasource=tranquility&order_type=all&page=250,4056c1b2cee1eba875f4323beb31ae9e1cb52c7c5882e674a4d1e7e5
251,https://esi.evetech.net/latest/markets/10000002/orders/?datasource=tranquility&order_type=all&page=251,a227c868bae75224817861935657d588eda5ce766894ff54a4c5b2dd
252,https://esi.evetech.net/latest/markets/10000002/orders/?datasource=tranquility&order_type=all&page=252,ad379fa31514671a791292c4e28c595d2e143ce70a3b56be159be5cc
253,https://esi.evetech.net/latest/markets/10000002/orders/?datasource=tranquility&order_type=all&page=253,93a148b0f4b4593a2bb1d3a58b743fb357795f9b65f24852d0590dac
254,https://esi.evetech.net/latest/markets/10000002/orders/?datasource=tranquility&order_type=all&page=254,130b16bf32aca0553c40a72a135916f8f25450b12478882ff0210e23
255,https://esi.evetech.net/latest/markets/10000002/orders/?datasource=tranquility&order_type=all&page=255,d4454f35f78ded7ced9a180869b57e910d9eab358865ca610265aec0
256,https://esi.evetech.net/latest/markets/10000002/orders/?datasource=tranquility&order_type=all&page=256,c3268e6f63d24d554e11a8429da334fe9a2eb802ec8672815933b094
257,https://esi.evetech.net/latest/markets/10000002/orders/?datasource=tranquility&order_type=all&page=257,3ae9a05fc3c335f42b8b2c2eef26594eadab89610908fd07710f885a
258,https://esi.evetech.net/latest/markets/10000002/orders/?datasource=tranquility&order_type=all&page=258,c87860ae7adcbc8aaf3f9ddacbff7edc81dcdc465725839fd33f5b79
259,https://esi.evetech.net/latest/markets/10000002/orders/?datasource=tranquility&order_type=all&page=259,079e96b04166325ab9d357d1a238c77190794f06460b8271eb392444
260,https://esi.evetech.net/latest/markets/10000002/orders/?datasource=tranquility&order_type=all&page=260,06b8987ea0aa8fc81a816be0eb5faed2fa78693f224db6c0b780c6b1
261,https://esi.evetech.net/latest/markets/10000002/orders/?datasource=tranquility&order_type=all&page=261,b318677ab515296da07ad45420ce6997afd925cbb8ebe26ebb2a59c8
262,https://esi.evetech.net/latest/markets/10000002/orders/?datasource=tranquility&order_type=all&page=262,29828da376a426634ff5fd55af5b1327503f76eb4c6c1c82db3e011c
263,https://esi.evetech.net/latest/markets/10000002/orders/?datasource=tranquility&order_type=all&page=263,18bc15e4e86ff7a9fbfbf2185785534929c876031ca0d2982963754a
264,https://esi.evetech.net/latest/markets/10000002/orders/?datasource=tranquility&order_type=all&page=264,1bfc2d0a73199d85bf081bcf65c9968dd6f67317304270ee2b5888d1
265,https://esi.evetech.net/latest/markets/10000002/orders/?datasource=tranquility&order_type=all&page=265,db43db1283afd38824846150c370e3e8608a3692d59571bee4818efa
266,https://esi.evetech.net/latest/markets/10000002/orders/?datasource=tranquility&order_type=all&page=266,12d3b097980dc6d70b8d408e40d2f949fbf309eed5d0a0d7a365639e
267,https://esi.evetech.net/latest/markets/10000002/orders/?datasource=tranquility&order_type=all&page=267,9088db30061146143110a089d9fa274aee84112052869ab505985e29
268,https://esi.evetech.net/latest/markets/10000002/orders/?datasource=tranquility&order_type=all&page=268,7e13a7542aa8ff54abcae57dc4a06c282e132029f4281691de8acbdc
269,https://esi.evetech.net/latest/markets/10000002/orders/?datasource=tranquility&order_type=all&page=269,20ec311b42b15f24576b729106bc6a348f0ed77b025da7ee56c7a8bf
270,https://esi.evetech.net/latest/markets/10000002/orders/?datasource=tranquility&order_type=all&page=270,a92d98750cb1292f8a855cc02000d245a2d41ca9d3b168c6369a7f25
271,https://esi.evetech.net/latest/markets/10000002/orders/?datasource=tranquility&order_type=all&page=271,6757d628c8cd65c656f897cb8fe9c94a7c953e9309af208bbe2ad893
272,https://esi.evetech.net/latest/markets/10000002/orders/?datasource=tranquility&order_type=all&page=272,a2c0cc30ea106c1a9857ede169c33b69933cb6504887b7f56f8aca5f
273,https://esi.evetech.net/latest/markets/10000002/orders/?datasource=tranquility&order_type=all&page=273,c4b74f84e725471834101f1d0441db343de6c3330fcf2fadc9204f2b
274,https://esi.evetech.net/latest/markets/10000002/orders/?datasource=tranquility&order_type=all&page=274,456b01d9e015ea536fd5f000835c2890fb565767e668fc3f479c5965
275,https://esi.evetech.net/latest/markets/10000002/orders/?datasource=tranquility&order_type=all&page=275,5f83ed1eaf37d977aaada83252efa535a670185bedb762f70becc7e0
276,https://esi.evetech.net/latest/markets/10000002/orders/?datasource=tranquility&order_type=all&page=276,b633774842c656de47830b6d78383c4212774703377105344771bed4
277,https://esi.evetech.net/latest/markets/10000002/orders/?datasource=tranquility&order_type=all&page=277,2a839d328856ac106a9b7518e860aa48b1b1a1c449b5e3a60aba1d64
278,https://esi.evetech.net/latest/markets/10000002/orders/?datasource=tranquility&order_type=all&page=278,cfefec00545da6a055ceda12a9540e044041ded6bfee9ea6f52bc244
279,https://esi.evetech.net/latest/markets/10000002/orders/?datasource=tranquility&order_type=all&page=279,718b69a73133908f1046a7343ab5eae2b4fcb36e7f532ecf7ac1acea
280,https://esi.evetech.net/latest/markets/10000002/orders/?datasource=tranquility&order_type=all&page=280,9881657f824dcdc7180ff95d65822ac48e457140388fdcf102cbc8e7
281,https://esi.evetech.net/latest/markets/10000002/orders/?datasource=tranquility&order_type=all&page=281,859fc059f7252b953c79b40a816b60ab2a5cbffeafe7deaa4e5345a1
282,https://esi.evetech.net/latest/markets/10000002/orders/?datasource=tranquility&order_type=all&page=282,522f480a6833b8f9fed21ec94cb66d44756b999fd873c285b41af66a
283,https://esi.evetech.net/latest/markets/10000002/orders/?datasource=tranquility&order_type=all&page=283,a0d39730f3723f996651cb01c703b3a815f5d105f5e5c21adf630c68
284,https://esi.evetech.net/latest/markets/10000002/orders/?datasource=tranquility&order_type=all&page=284,485382340ebf23680123b6734d764b6e9a61b1ce0e425ad0470616e2
285,https://esi.evetech.net/latest/markets/10000002/orders/?datasource=tranquility&order_type=all&page=285,aecb37aa9efa349abd44df990a95ba44305a63a971c748fcd8091253
286,https://esi.evetech.net/latest/markets/10000002/orders/?datasource=tranquility&order_type=all&page=286,61fed83f4f2b438a8b48ed77e0f854492dad570b0913244e9c833b74
287,https://esi.evetech.net/latest/markets/10000002/orders/?datasource=tranquility&order_type=all&page=287,6560b5af285efe3df8a9728911cfd65115932c1cd817f91f2930e819
288,https://esi.evetech.net/latest/markets/10000002/orders/?datasource=tranquility&order_type=all&page=288,4ede10cad46b86e936b39fbffc64e463c4681252d57d22e83fe2ce90
289,https://esi.evetech.net/latest/markets/10000002/orders/?datasource=tranquility&order_type=all&page=289,cb69a34c27bb5f8c758e35dabe069446e7586eb706be3302d5ba1067
290,https://esi.evetech.net/latest/markets/10000002/orders/?datasource=tranquility&order_type=all&page=290,03f6ecacb87f2c2a8bb739d19d2bf0ae385e160d615b696ca8e74d56
291,https://esi.evetech.net/latest/markets/10000002/orders/?datasource=tranquility&order_type=all&page=291,60f1d9d48415d3c4cd5e1505dcc7a22c1584cfc02e519c6b8fadea94
292,https://esi.evetech.net/latest/markets/10000002/orders/?datasource=tranquility&order_type=all&page=292,33132dcab734f6a9252f5f5ebbe84e766103b2e8c085c914d6403919
293,https://esi.evetech.net/latest/markets/10000002/orders/?datasource=tranquility&order_type=all&page=293,65df0bd0991c722737fbd2a01ff7261d740a43805ae58b2ef57bb723
294,https://esi.evetech.net/latest/markets/10000002/orders/?datasource=tranquility&order_type=all&page=294,571030ae6385a39233035eb6c3ddcfe1895726d5282a551f864039e6
295,https://esi.evetech.net/latest/markets/10000002/orders/?datasource=tranquility&order_type=all&page=295,007cbd75ad25943079b9f4948c9ad57da6abc6810814b115d3718c0f
296,https://esi.evetech.net/latest/markets/10000002/orders/?datasource=tranquility&order_type=all&page=296,71bc7ad92749964a84ff209447b98118be849db417bd1367972049da
297,https://esi.evetech.net/latest/markets/10000002/orders/?datasource=tranquility&order_type=all&page=297,3169278f49f2622b559551ceb56732bbcd2a86a09445368073339823
298,https://esi.evetech.net/latest/markets/10000002/orders/?datasource=tranquility&order_type=all&page=298,c07344c6c26d25c07d2d8905c676afbe01e9849125694870e194c162
299,https://esi.evetech.net/latest/markets/10000002/orders/?datasource=tranquility&order_type=all&page=299,5e8a53e5e92b20bd2629663fb8ebb3f52cc0605c8e2339a744e7394a
300,https://esi.evetech.net/latest/markets/10000002/orders/?datasource=tranquility&order_type=all&page=300,72b318943c02e69f25a1728d5d72f940b159a50e6b6645322d4763da
301,https://esi.evetech.net/latest/markets/10000002/orders/?datasource=tranquility&order_type=all&page=301,5f6d0f6456feff0f416907e9ef48ff0d52c5f84593107069b871c73b
302,https://esi.evetech.net/latest/markets/10000002/orders/?datasource=tranquility&order_type=all&page=302,cc07cc8ed73e9f513bda99d764a943846fe10fe9ecd3afb2d21da1e0
303,https://esi.evetech.net/latest/markets/10000002/orders/?datasource=tranquility&order_type=all&page=303,e44be0b2f6eae9b950a5d4a8770f0a9978b59a2b1141758c2556b29f
304,https://esi.evetech.net/latest/markets/10000002/orders/?datasource=tranquility&order_type=all&page=304,5b8c75524281054dffb1e0a9952b60062fa7e9c90968b2efe4390514
305,https://esi.evetech.net/latest/markets/10000002/orders/?datasource=tranquility&order_type=all&page=305,ba3b0199e725a9e5d57d3e0a73c4132223531f9a24356572e9422074
306,https://esi.evetech.net/latest/markets/10000002/orders/?datasource=tranquility&order_type=all&page=306,d8c2ac53fbb1f0efca5eeb875aedb6968885cb7340580f59eddbd04b
307,https://esi.evetech.net/latest/markets/10000002/orders/?datasource=tranquility&order_type=all&page=307,2ef4a955c84a5523b70c2d3a1ce499525d4226fa5de9cf2d4ccf537c
308,https://esi.evetech.net/latest/markets/10000002/orders/?datasource=tranquility&order_type=all&page=308,da2ee4e16f3e235a7b93fe73120b40c23230426aad954e17e1446a20
309,https://esi.evetech.net/latest/markets/10000002/orders/?datasource=tranquility&order_type=all&page=309,67ae8bbae0949af4c26551df9bf4fa892782dbe129f6a456b9525c8d
310,https://esi.evetech.net/latest/markets/10000002/orders/?datasource=tranquility&order_type=all&page=310,fe77437d71489fadbf3a68a473fe7b567275779d4788ec571f0ffa91
311,https://esi.evetech.net/latest/markets/10000002/orders/?datasource=tranquility&order_type=all&page=311,3630edc525457fccf8e03c1e93c043639a4ebc2d30a31c2e3810ebf8
312,https://esi.evetech.net/latest/markets/10000002/orders/?datasource=tranquility&order_type=all&page=312,fc37582cabcb2b56d76f8c7a65c979a4d019dea54882c522906c7a84
313,https://esi.evetech.net/latest/markets/10000002/orders/?datasource=tranquility&order_type=all&page=313,3902549d55fd75ad14e12f9b99e0a3b9648e49121aaae99753242b0d
314,https://esi.evetech.net/latest/markets/10000002/orders/?datasource=tranquility&order_type=all&page=314,aae64773c4e570af4be4896fbd9064c1ecca1c884e2ff59cf43baba0
315,https://esi.evetech.net/latest/markets/10000002/orders/?datasource=tranquility&order_type=all&page=315,e259f6e3f5f354f42f2740b41a18303a0a1db9e7547ad45480f3ed23
316,https://esi.evetech.net/latest/markets/10000002/orders/?datasource=tranquility&order_type=all&page=316,a97e680f08588297c8c5739f55cd572195fce4f703644d913225165c
317,https://esi.evetech.net/latest/markets/10000002/orders/?datasource=tranquility&order_type=all&page=317,99c57f72a703685c6acf2eb603785fb74a11d9d7e8d394a91cb5e8d4
318,https://esi.evetech.net/latest/markets/10000002/orders/?datasource=tranquility&order_type=all&page=318,af3eb2f18598d71e95ed5d94781b5ef0b2ac5766c7160fa7f3291e1c
319,https://esi.evetech.net/latest/markets/10000002/orders/?datasource=tranquility&order_type=all&page=319,756984bcfda1d51c167ad0a27e1b4196ab41d3603430d8fea10e2675
320,https://esi.evetech.net/latest/markets/10000002/orders/?datasource=tranquility&order_type=all&page=320,0b959e1784d8196ff98a804b690102d9ef7e2696b341b1493cace0ca
321,https://esi.evetech.net/latest/markets/10000002/orders/?datasource=tranquility&order_type=all&page=321,9326ab68782dc0cbbbf6f99f565fa850520c01cd6ecab5b456bb7221
322,https://esi.evetech.net/latest/markets/10000002/orders/?datasource=tranquility&order_type=all&page=322,af20b12103c6bbaa91b3684afc49b47e8cf815b145217946fc35b0e2
323,https://esi.evetech.net/latest/markets/10000002/orders/?datasource=tranquility&order_type=all&page=323,de6e0107609f1c8e77da6cecc68559e295e232751b86dc17ff1f9b54
324,https://esi.evetech.net/latest/markets/10000002/orders/?datasource=tranquility&order_type=all&page=324,cd149d23c70fd0f98e2dbcddcbdd48164bfc380bd7e7ce0df62990ad
325,https://esi.evetech.net/latest/markets/10000002/orders/?datasource=tranquility&order_type=all&page=325,f3edcce066b5deebffcfe93d3571af17ba72874c3e477493f0bdd24f
326,https://esi.evetech.net/latest/markets/10000002/orders/?datasource=tranquility&order_type=all&page=326,1a35e65d6903784d3b66b6444f11d434e6307bf9c73c380505631603
327,https://esi.evetech.net/latest/markets/10000002/orders/?datasource=tranquility&order_type=all&page=327,a93bf6c58dbcc6da022a5d54678490bad1d4e48ca139c1b4999c415e
328,https://esi.evetech.net/latest/markets/10000002/orders/?datasource=tranquility&order_type=all&page=328,86c60c2ee4d81189c01cd550579f78fdc813333bdac93be887c72bd9
329,https://esi.evetech.net/latest/markets/10000002/orders/?datasource=tranquility&order_type=all&page=329,ca207d86ed979328a143c3228fb05ea8d58e03c6f7e12170551784a4
330,https://esi.evetech.net/latest/markets/10000002/orders/?datasource=tranquility&order_type=all&page=330,556f611660bf5578ef9ade24bf000013c539795821d8a947ad7b0009
331,https://esi.evetech.net/latest/markets/10000002/orders/?datasource=tranquility&order_type=all&page=331,68262a7ac5efafbc6abe66db01a30313ff2407ecc83c34ef614b2565
332,https://esi.evetech.net/latest/markets/10000002/orders/?datasource=tranquility&order_type=all&page=332,30ac156a0acee52872b2d4175e041814e059ea256f6849f89450b525
333,https://esi.evetech.net/latest/markets/10000002/orders/?datasource=tranquility&order_type=all&page=333,292c53a20e6591001a29111c7eca1dfa67d2331bac4106262970062c
334,https://esi.evetech.net/latest/markets/10000002/orders/?datasource=tranquility&order_type=all&page=334,939f613f35077f63bf804f38bf4d30bd33c2926252325de4712d924d
335,https://esi.evetech.net/latest/markets/10000002/orders/?datasource=tranquility&order_type=all&page=335,060e33895a579ce6be5e6e69a8cfc999a2d9f382eafda7e2f90a3144
336,https://esi.evetech.net/latest/markets/10000002/orders/?datasource=tranquility&order_type=all&page=336,07eabf4732cca81037c83b2c17bdb3e98d138d3e06e9382dc5a35043
337,https://esi.evetech.net/latest/markets/10000002/orders/?datasource=tranquility&order_type=all&page=337,e6d13c9360be10aba4feaf376f7163e22c4777dc4e515d33a2f603f6
338,https://esi.evetech.net/latest/markets/10000002/orders/?datasource=tranquility&order_type=all&page=338,38133c728d9be283e671293bb646048412fbbcdf7c447109356bff4b
339,https://esi.evetech.net/latest/markets/10000002/orders/?datasource=tranquility&order_type=all&page=339,3e4bfdebee1e4bee8077d24dfbaac481f2a541505a33c83d0fe63f3f
340,https://esi.evetech.net/latest/markets/10000002/orders/?datasource=tranquility&order_type=all&page=340,6536b23902bdcd171d9fff8e5d8d82e05c9fb478fc20c22df5eb953b
341,https://esi.evetech.net/latest/markets/10000002/orders/?datasource=tranquility&order_type=all&page=341,4bc48ac333f6f81eb5aa755eb75ab0bc0736cc4c5df0279019778a03
342,https://esi.evetech.net/latest/markets/10000002/orders/?datasource=tranquility&order_type=all&page=342,f9ddea03bf3cb0746aa287df790f434db93489e24c2c547301d7eeda
343,https://esi.evetech.net/latest/markets/10000002/orders/?datasource=tranquility&order_type=all&page=343,f295b17e9807a34290ef94092ff4ce8aceccc600d790fa378ce9f3da
344,https://esi.evetech.net/latest/markets/10000002/orders/?datasource=tranquility&order_type=all&page=344,a5a1849e5794b506d68698c39303be91663322a59d8527dc30228d04
345,https://esi.evetech.net/latest/markets/10000002/orders/?datasource=tranquility&order_type=all&page=345,900770cc339333115b83f28336e53620c383e7da183eda0d849c15d7
346,https://esi.evetech.net/latest/markets/10000002/orders/?datasource=tranquility&order_type=all&page=346,7fe7f808618c2e67162c2db444fa123e7188716eb0dd10f403cdc2db
347,https://esi.evetech.net/latest/markets/10000002/orders/?datasource=tranquility&order_type=all&page=347,91d2739ed2f0e20d9ca60314ec47219aa94d000a7b708c53fa7ea3c4
348,https://esi.evetech.net/latest/markets/10000002/orders/?datasource=tranquility&order_type=all&page=348,467a7882eeed5e565f2bd1f50a19d05b97a10458ea5127e14f43f030
349,https://esi.evetech.net/latest/markets/10000002/orders/?datasource=tranquility&order_type=all&page=349,de21626778036ccc6c311f0e2f90a87dd5e92bbeefd05801705d9350
350,https://esi.evetech.net/latest/markets/10000002/orders/?datasource=tranquility&order_type=all&page=350,d7b82ed64758bcb1c9a9c24e00698d3105341d5eadd2c6d8ddd78f1d
351,https://esi.evetech.net/latest/markets/10000002/orders/?datasource=tranquility&order_type=all&page=351,c128bb01ea8f979f24ebf22825be5978d54432493ae252a99d2dd891
352,https://esi.evetech.net/latest/markets/10000002/orders/?datasource=tranquility&order_type=all&page=352,c73c04a2a8b8f3ef727210bab278e055cc5057859cd641752f262590
353,https://esi.evetech.net/latest/markets/10000002/orders/?datasource=tranquility&order_type=all&page=353,c4be35638ee4ca9d3f3330d8a5fe16e357952b9c2198185b9071da0f
354,https://esi.evetech.net/latest/markets/10000002/orders/?datasource=tranquility&order_type=all&page=354,191bcff1a22d2ffd13d15b4db936eff1b11cadab4efe499548407444
355,https://esi.evetech.net/latest/markets/10000002/orders/?datasource=tranquility&order_type=all&page=355,13672568c76b9ab7eb9fe1f158a694b77f974408ac7236eed7c965f5
356,https://esi.evetech.net/latest/markets/10000002/orders/?datasource=tranquility&order_type=all&page=356,fee704fd82b965d2a857795128c1ab8dc74542ce8e7d1fa9f50cbd83
357,https://esi.evetech.net/latest/markets/10000002/orders/?datasource=tranquility&order_type=all&page=357,afbf7b21df3389cd9e1cec865606e5236ba3510dbb812a3921308cac
358,https://esi.evetech.net/latest/markets/10000002/orders/?datasource=tranquility&order_type=all&page=358,6b0a7b45785c8e5a9c996b01d10a6667ad3a0d2c264911fd0bd8a256
359,https://esi.evetech.net/latest/markets/10000002/orders/?datasource=tranquility&order_type=all&page=359,9fa9684330f1b1c5bbe7ac4c100de6dab4b2dd6234e9848a6e58f75c
360,https://esi.evetech.net/latest/markets/10000002/orders/?datasource=tranquility&order_type=all&page=360,cccc97958021f6a86be5e76ca63afd6723a543e0c1cfa25fb9d64914
361,https://esi.evetech.net/latest/markets/10000002/orders/?datasource=tranquility&order_type=all&page=361,620ef0d0b8324d3668fe890aada77e9c13ce239f3940da9c99e091df
362,https://esi.evetech.net/latest/markets/10000002/orders/?datasource=tranquility&order_type=all&page=362,f44c3c32b8b67332f2bf6c537bae9900c83a509b58912eec9ec7d556
363,https://esi.evetech.net/latest/markets/10000002/orders/?datasource=tranquility&order_type=all&page=363,681abe9f8a2de489f744e5ab1a4aca3b278340b55b17b6c4a2aca8fa
364,https://esi.evetech.net/latest/markets/10000002/orders/?datasource=tranquility&order_type=all&page=364,e99af718e5a9f3961d92e03b2fac12522858d33ee608823ee88ae229
